[
  {"leitregion": "01", "gebiet": "Dresden, Riesa, Meißen"},
  {"leitregion": "02", "gebiet": "Bautzen, Görlitz, Zittau"},
  {"leitregion": "03", "gebiet": "Cottbus, Finsterwalde, Spremberg"},
  {"leitregion": "04", "gebiet": "Leipzig, Altenburg, Torgau"},
  {"leitregion": "06", "gebiet": "Halle (Saale), Dessau-Roßlau, Quedlinburg"},
  {"leitregion": "07", "gebiet": "Jena, Gera, Saalfeld/Saale"},
  {"leitregion": "08", "gebiet": "Zwickau, Plauen, Aue"},
  {"leitregion": "09", "gebiet": "Chemnitz, Freiberg, Annaberg-Buchholz"},
  {"leitregion": "10", "gebiet": "Berlin (Innenstadt & Zentrum)"},
  {"leitregion": "12", "gebiet": "Berlin (Süd & Neukölln)"},
  {"leitregion": "13", "gebiet": "Berlin (Nord & Pankow)"},
  {"leitregion": "14", "gebiet": "Potsdam, Rathenow, Luckenwalde"},
  {"leitregion": "15", "gebiet": "Frankfurt (Oder), Eisenhüttenstadt"},
  {"leitregion": "16", "gebiet": "Oranienburg, Eberswalde, Prenzlau"},
  {"leitregion": "17", "gebiet": "Neubrandenburg, Greifswald, Usedom"},
  {"leitregion": "18", "gebiet": "Rostock, Stralsund, Rügen"},
  {"leitregion": "19", "gebiet": "Schwerin, Ludwigslust, Wittenberge"},
  {"leitregion": "20", "gebiet": "Hamburg (Zentrum & Eimsbüttel)"},
  {"leitregion": "21", "gebiet": "Hamburg (Süd), Lüneburg, Stade"},
  {"leitregion": "22", "gebiet": "Hamburg (Nord & Wandsbek), Norderstedt"},
  {"leitregion": "23", "gebiet": "Lübeck, Wismar, Timmendorfer Strand"},
  {"leitregion": "24", "gebiet": "Kiel, Flensburg, Schleswig"},
  {"leitregion": "25", "gebiet": "Elmshorn, Itzehoe, Sylt"},
  {"leitregion": "26", "gebiet": "Oldenburg, Wilhelmshaven, Emden"},
  {"leitregion": "27", "gebiet": "Bremerhaven, Cuxhaven, Delmenhorst"},
  {"leitregion": "28", "gebiet": "Bremen (Stadt)"},
  {"leitregion": "29", "gebiet": "Celle, Uelzen, Salzwedel"},
  {"leitregion": "30", "gebiet": "Hannover (Stadt & Region)"},
  {"leitregion": "31", "gebiet": "Hildesheim, Hameln, Peine"},
  {"leitregion": "32", "gebiet": "Herford, Minden, Detmold"},
  {"leitregion": "33", "gebiet": "Bielefeld, Paderborn, Gütersloh"},
  {"leitregion": "34", "gebiet": "Kassel, Marburg, Korbach"},
  {"leitregion": "35", "gebiet": "Gießen, Wetzlar, Limburg"},
  {"leitregion": "36", "gebiet": "Fulda, Bad Hersfeld"},
  {"leitregion": "37", "gebiet": "Göttingen, Höxter"},
  {"leitregion": "38", "gebiet": "Braunschweig, Wolfsburg, Salzgitter"},
  {"leitregion": "39", "gebiet": "Magdeburg, Stendal"},
  {"leitregion": "40", "gebiet": "Düsseldorf, Ratingen, Hilden"},
  {"leitregion": "41", "gebiet": "Mönchengladbach, Neuss"},
  {"leitregion": "42", "gebiet": "Wuppertal, Remscheid, Solingen"},
  {"leitregion": "44", "gebiet": "Dortmund, Bochum, Herne"},
  {"leitregion": "45", "gebiet": "Ruhrgebiet"},
  {"leitregion": "46", "gebiet": "Oberhausen, Bottrop, Wesel"},
  {"leitregion": "47", "gebiet": "Duisburg, Krefeld, Kleve"},
  {"leitregion": "48", "gebiet": "Münster, Rheine, Coesfeld"},
  {"leitregion": "49", "gebiet": "Osnabrück, Melle"},
  {"leitregion": "50", "gebiet": "Köln (Stadt & Umland)"},
  {"leitregion": "51", "gebiet": "Köln (Süd), Gummersbach"},
  {"leitregion": "52", "gebiet": "Aachen, Düren, Eschweiler"},
  {"leitregion": "53", "gebiet": "Bonn, Euskirchen, Remagen"},
  {"leitregion": "54", "gebiet": "Trier, Bitburg, Daun"},
  {"leitregion": "55", "gebiet": "Mainz, Bad Kreuznach"},
  {"leitregion": "56", "gebiet": "Koblenz, Neuwied, Mayen"},
  {"leitregion": "57", "gebiet": "Siegen, Olpe"},
  {"leitregion": "58", "gebiet": "Hagen, Iserlohn, Lüdenscheid"},
  {"leitregion": "59", "gebiet": "Hamm, Soest, Arnsberg"},
  {"leitregion": "60", "gebiet": "Frankfurt am Main (Zentrum)"},
  {"leitregion": "61", "gebiet": "Bad Homburg, Friedberg"},
  {"leitregion": "63", "gebiet": "Aschaffenburg, Hanau, Miltenberg"},
  {"leitregion": "64", "gebiet": "Darmstadt, Heppenheim"},
  {"leitregion": "65", "gebiet": "Wiesbaden, Rüsselsheim"},
  {"leitregion": "66", "gebiet": "Saarbrücken, Neunkirchen, Homburg"},
  {"leitregion": "67", "gebiet": "Ludwigshafen, Kaiserslautern, Worms"},
  {"leitregion": "68", "gebiet": "Mannheim, Schwetzingen"},
  {"leitregion": "69", "gebiet": "Heidelberg, Weinheim"},
  {"leitregion": "70", "gebiet": "Stuttgart (Stadt)"},
  {"leitregion": "71", "gebiet": "Böblingen, Ludwigsburg, Waiblingen"},
  {"leitregion": "72", "gebiet": "Tübingen, Reutlingen, Sigmaringen"},
  {"leitregion": "73", "gebiet": "Göppingen, Aalen, Schwäbisch Gmünd"},
  {"leitregion": "74", "gebiet": "Heilbronn, Schwäbisch Hall"},
  {"leitregion": "75", "gebiet": "Pforzheim, Calw"},
  {"leitregion": "76", "gebiet": "Karlsruhe, Baden-Baden, Landau"},
  {"leitregion": "77", "gebiet": "Offenburg, Achern"},
  {"leitregion": "78", "gebiet": "Konstanz, Villingen-Schwenningen, Rottweil"},
  {"leitregion": "79", "gebiet": "Freiburg im Breisgau, Lörrach"},
  {"leitregion": "80", "gebiet": "München (Stadt & Nord)"},
  {"leitregion": "81", "gebiet": "München (West & Garmisch)"},
  {"leitregion": "82", "gebiet": "München (Süd & Starnberg)"},
  {"leitregion": "83", "gebiet": "Rosenheim, Traunstein"},
  {"leitregion": "84", "gebiet": "Landshut, Dingolfing"},
  {"leitregion": "85", "gebiet": "Ingolstadt, Freising, Dachau"},
  {"leitregion": "86", "gebiet": "Augsburg, Landsberg am Lech"},
  {"leitregion": "87", "gebiet": "Kempten, Memmingen, Allgäu"},
  {"leitregion": "88", "gebiet": "Friedrichshafen, Ravensburg, Lindau"},
  {"leitregion": "89", "gebiet": "Ulm, Neu-Ulm, Heidenheim"},
  {"leitregion": "90", "gebiet": "Nürnberg, Fürth"},
  {"leitregion": "91", "gebiet": "Erlangen, Ansbach, Roth"},
  {"leitregion": "92", "gebiet": "Amberg, Weiden, Schwandorf"},
  {"leitregion": "93", "gebiet": "Regensburg, Kelheim"},
  {"leitregion": "94", "gebiet": "Passau, Straubing"},
  {"leitregion": "95", "gebiet": "Bayreuth, Hof, Kulmbach"},
  {"leitregion": "96", "gebiet": "Bamberg, Coburg, Lichtenfels"},
  {"leitregion": "97", "gebiet": "Würzburg, Schweinfurt"},
  {"leitregion": "98", "gebiet": "Suhl, Meiningen, Hildburghausen"},
  {"leitregion": "99", "gebiet": "Erfurt, Weimar, Eisenach"}
]
